{
    "strval": "ysoftman",
    "intval1": -123456789123456789,
    "intval2": 123456789123456789,
    "intval3": 123456789123456789123456789123456789,
    "floatval1": -1.123456789123456789,
    "floatval2": 1.123456789123456789123456789,
    "floatval3": 1.123456789123456789123456789123456789
}
